{
  "created_at": "2026-06-18T21:58:21",
  "model_type": "Tiny MLP feature classifier",
  "window_size": 40,
  "stride": 10,
  "feature_count": 28,
  "labels": [
    "anular_menique_apertura",
    "anular_menique_cierre",
    "apertura",
    "cierre",
    "indice_medio_apertura",
    "indice_medio_cierre",
    "pinza",
    "pulgar_apertura",
    "pulgar_cierre",
    "reposo"
  ],
  "epochs": 80,
  "batch_size": 64,
  "learning_rate": 0.001,
  "test_size": 0.2,
  "class_weight": {
    "0": 0.979624134520277,
    "1": 0.9786561264822135,
    "2": 1.954736842105263,
    "3": 1.9624834874504624,
    "4": 0.9825396825396825,
    "5": 0.9809177946517003,
    "6": 1.4643666830951207,
    "7": 1.954736842105263,
    "8": 1.957312252964427,
    "9": 0.3131204552639899
  },
  "test_accuracy": 0.6469241976737976,
  "test_loss": 1.0718252658843994,
  "input_dir": "data\\pilot_remap_14_to_10_200hz",
  "include_glob": null,
  "exclude_glob": [],
  "source_file_count": 16,
  "source_files": [
    "20260609_092541_S001_trial-1_piloto_10clases_200hz.csv",
    "20260609_092751_S001_trial-1_piloto_10clases_200hz.csv",
    "20260609_095329_S001_trial-1_piloto_10clases_200hz.csv",
    "20260609_095538_S001_trial-1_piloto_10clases_200hz.csv",
    "20260609_095754_S001_trial-1_piloto_10clases_200hz.csv",
    "20260609_102908_S001_trial-1_piloto_10clases_200hz.csv",
    "20260609_103116_S001_trial-1_piloto_10clases_200hz.csv",
    "20260609_103324_S001_trial-1_piloto_10clases_200hz.csv",
    "20260609_201151_S001_trial-1_piloto_10clases_200hz.csv",
    "20260609_204323_S001_trial-1_piloto_10clases_200hz.csv",
    "20260609_205714_S001_trial-1_piloto_10clases_200hz.csv",
    "20260609_210138_S001_trial-1_piloto_10clases_200hz.csv",
    "20260609_210412_S001_trial-1_piloto_10clases_200hz.csv",
    "20260609_211640_S001_trial-1_piloto_10clases_200hz.csv",
    "20260609_233925_S001_trial-1_piloto_10clases_200hz.csv",
    "20260609_234228_S001_trial-1_piloto_10clases_200hz.csv"
  ]
}