{
  "mean": [
    1783.6619873046875,
    1775.4107666015625,
    1778.637451171875,
    1767.1962890625
  ],
  "std": [
    34.32472610473633,
    53.834102630615234,
    39.59141540527344,
    35.35053634643555
  ]
}