{
  "created_at": "2026-06-19T09:31:59",
  "model_name": "laboratorio_inception_lstm",
  "model_description": "Light Inception-CNN-LSTM inspired by laboratorioAI/2023-HGR5-CNN_LSTM",
  "window_size": 40,
  "stride": 10,
  "channels": 4,
  "labels": [
    "anular_menique_apertura",
    "anular_menique_cierre",
    "apertura",
    "cierre",
    "indice_medio_apertura",
    "indice_medio_cierre",
    "pinza",
    "pulgar_apertura",
    "pulgar_cierre",
    "reposo"
  ],
  "epochs_requested": 35,
  "epochs_ran": 35,
  "batch_size": 128,
  "learning_rate": 0.001,
  "test_size": 0.2,
  "class_weight": {
    "0": 1.469459053343351,
    "1": 1.471670428893905,
    "2": 1.470563909774436,
    "3": 1.4738884702336097,
    "4": 1.471670428893905,
    "5": 1.4722243131351147,
    "6": 1.2182186234817813,
    "7": 1.4738884702336097,
    "8": 1.470011273957159,
    "9": 0.2671561262122661
  },
  "test_accuracy": 0.7437627911567688,
  "test_loss": 0.9635541439056396,
  "input_dir": "data\\final_10clases_valid",
  "include_glob": null,
  "exclude_glob": [],
  "source_file_count": 34,
  "source_files": [
    "20260618_230351_S001_trial-1_funcional_10clases_4ch_200hz.csv",
    "20260618_230528_S001_trial-2_funcional_10clases_4ch_200hz.csv",
    "20260618_230741_S001_trial-3_funcional_10clases_4ch_200hz.csv",
    "20260618_230914_S001_trial-4_funcional_10clases_4ch_200hz.csv",
    "20260618_231410_S002_trial-1_funcional_10clases_4ch_200hz.csv",
    "20260618_231608_S002_trial-2_funcional_10clases_4ch_200hz.csv",
    "20260618_231831_S002_trial-3_funcional_10clases_4ch_200hz.csv",
    "20260618_232033_S002_trial-4_funcional_10clases_4ch_200hz.csv",
    "20260618_232244_S002_trial-5_funcional_10clases_4ch_200hz.csv",
    "20260618_232625_S003_trial-1_funcional_10clases_4ch_200hz.csv",
    "20260618_232853_S003_trial-2_funcional_10clases_4ch_200hz.csv",
    "20260618_233115_S003_trial-3_funcional_10clases_4ch_200hz.csv",
    "20260618_233325_S003_trial-4_funcional_10clases_4ch_200hz.csv",
    "20260618_233506_S003_trial-5_funcional_10clases_4ch_200hz.csv",
    "20260618_233852_S004_trial-1_funcional_10clases_4ch_200hz.csv",
    "20260618_234106_S004_trial-2_funcional_10clases_4ch_200hz.csv",
    "20260618_234340_S004_trial-3_funcional_10clases_4ch_200hz.csv",
    "20260618_234554_S004_trial-4_funcional_10clases_4ch_200hz.csv",
    "20260618_234815_S004_trial-5_funcional_10clases_4ch_200hz.csv",
    "20260618_235131_S003_trial-6_funcional_10clases_4ch_200hz.csv",
    "20260618_235414_S003_trial-7_funcional_10clases_4ch_200hz.csv",
    "20260618_235632_S003_trial-8_funcional_10clases_4ch_200hz.csv",
    "20260618_235848_S003_trial-9_funcional_10clases_4ch_200hz.csv",
    "20260619_000248_S003_trial-10_funcional_10clases_4ch_200hz.csv",
    "20260619_000519_S004_trial-6_funcional_10clases_4ch_200hz.csv",
    "20260619_000740_S004_trial-7_funcional_10clases_4ch_200hz.csv",
    "20260619_000923_S004_trial-8_funcional_10clases_4ch_200hz.csv",
    "20260619_001145_S004_trial-9_funcional_10clases_4ch_200hz.csv",
    "20260619_001400_S004_trial-10_funcional_10clases_4ch_200hz.csv",
    "20260619_003942_S001_trial-1_funcional_10clases_4ch_200hz.csv",
    "20260619_004209_S001_trial-7_funcional_10clases_4ch_200hz.csv",
    "20260619_004406_S001_trial-8_funcional_10clases_4ch_200hz.csv",
    "20260619_004639_S001_trial-9_funcional_10clases_4ch_200hz.csv",
    "20260619_004821_S001_trial-10_funcional_10clases_4ch_200hz.csv"
  ],
  "tflite_conversion_warning": "<unknown>:0: error: loc(callsite(fused[\"TensorListReserve:\", \"functional_1/lstm_1/TensorArrayV2_1@__inference_function_57212\"] at callsite(fused[\"StatefulPartitionedCall:\", \"StatefulPartitionedCall@__inference_signature_wrapper_57339\"] at fused[\"StatefulPartitionedCall:\", \"StatefulPartitionedCall_1\"]))): 'tf.TensorListReserve' op requires element_shape to be static during TF Lite transformation pass\n<unknown>:0: note: loc(callsite(fused[\"StatefulPartitionedCall:\", \"StatefulPartitionedCall@__inference_signature_wrapper_57339\"] at fused[\"StatefulPartitionedCall:\", \"StatefulPartitionedCall_1\"])): called from\n<unknown>:0: note: loc(fused[\"StatefulPartitionedCall:\", \"StatefulPartitionedCall_1\"]): called from\n<unknown>:0: error: loc(callsite(fused[\"TensorListReserve:\", \"functional_1/lstm_1/TensorArrayV2_1@__inference_function_57212\"] at callsite(fused[\"StatefulPartitionedCall:\", \"StatefulPartitionedCall@__inference_signature_wrapper_57339\"] at fused[\"StatefulPartitionedCall:\", \"StatefulPartitionedCall_1\"]))): failed to legalize operation 'tf.TensorListReserve' that was explicitly marked illegal\n<unknown>:0: note: loc(callsite(fused[\"StatefulPartitionedCall:\", \"StatefulPartitionedCall@__inference_signature_wrapper_57339\"] at fused[\"StatefulPartitionedCall:\", \"StatefulPartitionedCall_1\"])): called from\n<unknown>:0: note: loc(fused[\"StatefulPartitionedCall:\", \"StatefulPartitionedCall_1\"]): called from\n<unknown>:0: error: Lowering tensor list ops is failed. Please consider using Select TF ops and disabling `_experimental_lower_tensor_list_ops` flag in the TFLite converter object. For example, converter.target_spec.supported_ops = [tf.lite.OpsSet.TFLITE_BUILTINS, tf.lite.OpsSet.SELECT_TF_OPS]\\n converter._experimental_lower_tensor_list_ops = False\n"
}