{
  "created_at": "2026-06-16T19:05:29",
  "model_type": "Tiny MLP feature classifier",
  "window_size": 200,
  "stride": 50,
  "feature_count": 28,
  "labels": [
    "apertura",
    "cierre",
    "dedo_anular_apertura",
    "dedo_anular_cierre",
    "dedo_indice_apertura",
    "dedo_indice_cierre",
    "dedo_medio_apertura",
    "dedo_medio_cierre",
    "dedo_menique_apertura",
    "dedo_menique_cierre",
    "dedo_pulgar_apertura",
    "dedo_pulgar_cierre",
    "pinza",
    "reposo"
  ],
  "class_weight": {
    "0": 1.3948778195488722,
    "1": 1.4022581254724111,
    "2": 1.3976363122704587,
    "3": 1.390304449648712,
    "4": 1.403186158646119,
    "5": 1.3985582359592914,
    "6": 1.403186158646119,
    "7": 1.403186158646119,
    "8": 1.4004057369314966,
    "9": 1.4050459149862728,
    "10": 1.3957961064610176,
    "11": 1.3976363122704587,
    "12": 1.0454705550859398,
    "13": 0.223816561354828
  },
  "test_accuracy": 0.8054170608520508,
  "test_loss": 0.7051104307174683,
  "input_dir": "D:\\ESPOCH\\TESIS\\CODEX\\CARACTERIZACIOIN\\data\\raw",
  "include_glob": "20260609_*_S001_trial-1_rutina_4ch.csv",
  "exclude_glob": [],
  "source_file_count": 16,
  "source_files": [
    "20260609_092541_S001_trial-1_rutina_4ch.csv",
    "20260609_092751_S001_trial-1_rutina_4ch.csv",
    "20260609_095329_S001_trial-1_rutina_4ch.csv",
    "20260609_095538_S001_trial-1_rutina_4ch.csv",
    "20260609_095754_S001_trial-1_rutina_4ch.csv",
    "20260609_102908_S001_trial-1_rutina_4ch.csv",
    "20260609_103116_S001_trial-1_rutina_4ch.csv",
    "20260609_103324_S001_trial-1_rutina_4ch.csv",
    "20260609_201151_S001_trial-1_rutina_4ch.csv",
    "20260609_204323_S001_trial-1_rutina_4ch.csv",
    "20260609_205714_S001_trial-1_rutina_4ch.csv",
    "20260609_210138_S001_trial-1_rutina_4ch.csv",
    "20260609_210412_S001_trial-1_rutina_4ch.csv",
    "20260609_211640_S001_trial-1_rutina_4ch.csv",
    "20260609_233925_S001_trial-1_rutina_4ch.csv",
    "20260609_234228_S001_trial-1_rutina_4ch.csv"
  ],
  "epochs": 80,
  "batch_size": 64,
  "learning_rate": 0.001,
  "test_size": 0.2
}